Feature,Weight
bias,68.74196320124457
Health_Index,-3.1986858417855393
Disease_Index,0.6254002607921911
Economic_Index,5.2767323201078105
