Feature,Weight
bias,68.7455312166604
Health_Index,-2.985546733194441
Disease_Index,0.6470512302110135
Economic_Index,4.854774644433052
