Feature,Weight
bias,68.74329206193877
Health_Index,-3.1864755589670017
Economic_Index,5.404696535353215
