Feature,Weight
bias,68.7468876723316
Health_Index,-2.977251274931371
Economic_Index,4.971837225380261
