Feature,Weight
bias,68.7434658207255
Health_Index,-4.454383678249805
Disease_Index,1.5768755478892733
