Feature,Weight
bias,68.74797107380626
Health_Index,-4.043298834822688
Disease_Index,1.45178547229712
